id,profile_url,followers,category
talkingmonkey,https://twitter.com/talkingmonkey,458,智能无人机
panxueni,https://twitter.com/panxueni,5980,智能无人机
engineers_feed,https://twitter.com/engineers_feed,3300000,智能无人机
reach_anupam,https://twitter.com/reach_anupam,29900,智能无人机
twinkslavealex,https://twitter.com/twinkslavealex,15200,智能无人机
kmldial70,https://twitter.com/kmldial70,11700,智能无人机
ZappyZappy7,https://twitter.com/ZappyZappy7,20900,智能无人机
marutsubame3,https://twitter.com/marutsubame3,53600,智能无人机
brunno_martins_,https://twitter.com/brunno_martins_,1970,智能无人机
80Level,https://twitter.com/80Level,244100,智能无人机
news24tvchannel,https://twitter.com/news24tvchannel,1900000,智能无人机
SiKImagery,https://twitter.com/SiKImagery,10500,智能无人机
TheYouthPlus,https://twitter.com/TheYouthPlus,13800,智能无人机
Ryanintheus,https://twitter.com/Ryanintheus,183800,智能无人机
scotdrone,https://twitter.com/scotdrone,5524,智能无人机
BlogMetafores,https://twitter.com/BlogMetafores,116,智能无人机
ngsbiopark,https://twitter.com/ngsbiopark,207300,智能无人机
JM_Scindia,https://twitter.com/JM_Scindia,5400000,智能无人机
ta2funk,https://twitter.com/ta2funk,25500,智能无人机
MASAI_Fischers,https://twitter.com/MASAI_Fischers,1200000,智能无人机
Mrgunsngear,https://twitter.com/Mrgunsngear,310600,智能无人机
BorisPori,https://twitter.com/BorisPori,31200,智能无人机
HawkAyeScotland,https://twitter.com/HawkAyeScotland,2828,智能无人机
DanHarperPhoto,https://twitter.com/DanHarperPhoto,2003,智能无人机
postandfly,https://twitter.com/postandfly,7391,智能无人机
Connor_FFF,https://twitter.com/Connor_FFF,4320,智能无人机
kamilAlRayess,https://twitter.com/kamilAlRayess,9137,智能无人机
f_philippot,https://twitter.com/f_philippot,498200,智能无人机
Yodobashi_X,https://twitter.com/Yodobashi_X,917700,智能无人机
fawadchaudhry,https://twitter.com/fawadchaudhry,6400000,智能无人机
GaryHershorn,https://twitter.com/GaryHershorn,25400,智能无人机
JOE_co_uk,https://twitter.com/JOE_co_uk,207000,智能无人机
paul_steele,https://twitter.com/paul_steele,612600,智能无人机
info7mty,https://twitter.com/info7mty,827000,智能无人机
dmarcop,https://twitter.com/dmarcop,9532,智能无人机
Humanbydesign3,https://twitter.com/Humanbydesign3,93200,智能无人机
MC372,https://twitter.com/MC372,4803,智能无人机
maniaUFO,https://twitter.com/maniaUFO,91500,智能无人机
llazyadM,https://twitter.com/llazyadM,1268,智能无人机
shigaofficial,https://twitter.com/shigaofficial,21800,智能无人机
manishindiatv,https://twitter.com/manishindiatv,34100,智能无人机
RikeFranke,https://twitter.com/RikeFranke,76000,智能无人机
martypartymusic,https://twitter.com/martypartymusic,214100,智能无人机
biccameraE,https://twitter.com/biccameraE,865500,智能无人机
DanielR33187703,https://twitter.com/DanielR33187703,14400,智能无人机
miguepix,https://twitter.com/miguepix,1029,智能无人机
Brevesdepresse,https://twitter.com/Brevesdepresse,317900,智能无人机
polimernews,https://twitter.com/polimernews,2200000,智能无人机
Ronald_vanLoon,https://twitter.com/Ronald_vanLoon,336500,智能无人机
